Item,qty,spec,supplier,unit_cost_usd,make_buy,notes
1 Main frame,1,"Mild steel (S235 class) weldment: two 60 x 30 x 2 mm RHS deck rails 1.15 m long on edge (SGN-DDR-002) with 3 mm end caps; two 25 x 25 x 2 mm cross members 500 mm long welded under the rails; 60 x 40 x 2 mm nose beam 500 mm across the rail fronts; 44 x 2 mm down tube mitred to the nose beam and to the head tube 100 mm above its bottom; bought steel head tube 50 x 3 mm x 150 mm machined for a ZS44 headset at 70 degrees; four 22 x 1.6 mm rear stays to 6 mm dropout plates 135 mm apart with slots open downward and a caliper tab on the left; tension lugs, front axle crush sleeves, drag screw nut, kickstand plate, controller plate and two cradle tabs welded on; painted",Local steel stockist; machined head tube from a frame-builder supplier; welding by the builder or a local welder,92.00,make,"Estimate (SGN-DDR-003): tube and RHS about $40, machined head tube $25, plates and small parts $12, paint and welding consumables $15; about 12.9 kg (SGN-CAL-001)"
2 Belt and end rollers,1,"400 mm wide treadmill belt loop about 2.2 m; two 50 mm crowned end rollers 420 mm long on fixed 17 mm axles with 6203 size bearings, 1.05 m apart; front axle held by two M10 bolts; rear axle in slots with two M8 x 60 mm tension bolts set to about 500 N per run; spacers",Treadmill spare-parts supplier,97.00,buy,Estimate for new parts; a salvaged walking-pad treadmill can supply items 2 and 3 for about $40 (SGN-CAL-001); roller length and bearing size to be confirmed on the donor
3 Roller bed,1,"14 gravity conveyor rollers 30 mm diameter by 410 mm with 8 mm spring axles, at 70 mm pitch; two 50 x 3 mm aluminium carrier bars 970 mm long fixed inside the deck rails by four M6 screws each into rivet nuts",Conveyor parts supplier; aluminium bar from a metal stockist,53.00,buy,"Estimate; rollers about $3 each, carrier bars and rivet nuts $11; keeps belt drag near 22 N"
4 Anti-reverse bearing and belt drag,1,"One-way (sprag) bearing, CSK17 class (17 x 40 x 12 mm, same size as a 6203), pressed into the right end of the rear roller in place of its plain bearing, so the belt can only run rearward; M8 thumb screw with a felt tip through the right rail onto the rear roller end for an adjustable drag of 0 to 8 N at the belt",Bearing distributor; hardware store,15.00,buy,Estimate (SGN-DDR-003); holds the belt against about 240 N of rider push when braking (6 N m against about 56 N m rated)
5 Belt speed sensor,1,"Hall sensor on a 2.5 mm bracket inside the left rail, reading an 8-magnet ring glued to the left end face of the front roller (about 20 mm of belt per pulse), sealed cable through a grommet",E-bike parts supplier,7.00,buy,Estimate; same parts as a pedal-assist sensor
6 Rear wheel with 250 W geared hub motor,1,"48 V 250 W rated geared hub motor wound for a 20 in wheel (about 400 rpm no-load at 48 V; 32 N m or more peak), 135 mm dropout, laced into a 20 in (ETRTO 406) rim with 20 x 1.75 in tire and tube, torque arms both sides",E-bike motor distributor; rim spokes and tire from the local bike trade,110.00,buy,Estimate: motor about $75 and wheel build about $35; motor class decided by Amish 2026-09-25
7 Front wheel fork and headset,1,"20 in front wheel with 6-bolt disc hub (100 mm), tire and tube; 1 1/8 in threadless steel rigid fork with post-mount disc tabs, axle to crown about 410 mm (26 in size), 30 mm offset, steerer at least 220 mm; ZS44 semi-integrated headset",Bicycle shop or bicycle parts distributor,70.00,buy,"Estimate: wheel $30, fork $32, headset $8; a donor 20 in bike can supply the front wheel and item 9 for about $50, but its fork is too short for the head tube, so the fork and headset are bought (about $40; SGN-DDR-003)"
8 Steering column handlebar and grips,1,"Welded steering column: 33.7 x 2.3 mm clamp sleeve 80 mm long, slotted, with two M6 clamp lugs on the 1 1/8 in steerer; 38 x 2 mm column to a 1.23 m bar height; 30 x 2 mm stem 53 mm long; 26.9 x 2.3 mm bar clamp with two M6 bolts; 580 mm straight 22.2 mm steel or aluminium flat bar; grips",Local steel stockist and bicycle shop,36.00,make,Estimate; column sized for a 500 N push at the bar (SGN-CAL-001)
9 Brakes with motor cut-off levers,1,"Two mechanical disc brakes for 160 mm rotors (front on the fork post mount, rear on the left dropout tab), two 6-bolt 160 mm rotors, two levers with built-in motor cut-off switches, cables",Bicycle or e-bike parts supplier,50.00,buy,Estimate; either brake alone stops from 25 km/h in about 9.6 m or less
10 SwapCell receiver cradle class V1,1,"SwapCell interface v0.3 vehicle receiver: folded 3 mm steel cradle (base, side guides with 1 mm clearance per side, lower end stop with blind-mate receptacle on a floating mount); over-centre lever on a pin between the guide ears, its pad pressing the pack handle end, giving 330 N or more preload (ratio 6.6 or more, hand force 50 N or less); 10 kOhm +/-1 % INTERLOCK coding resistor in series with the key switch; two M6 bolts to the welded tabs",Local fabricator plus connector distributor,55.00,make,Estimate: cradle $12 lever $8 receptacle $30 resistor and hardware $5
11 SwapCell pack,1,"SwapCell interface v0.3: 13S2P 21700 lithium-ion, 46.8 V nominal, about 468 Wh, 340 x 90 x 80 mm, about 2.85 kg",SwapCell project,0.00,make,NOT INCLUDED in the StepGen total; priced once in the SwapCell BOM (about $414) by Amish's 2026-09-25 portfolio rule
12 Controller and walking logic board,1,"48 V (to 54.6 V) 15 A sine-wave hub motor controller with brake-cut and speed-command inputs, in a box no larger than 150 x 70 x 40 mm, bolted to the plate on the left of the down tube; ESP32 board with CAN transceiver and 60 V input buck converter, acting as the SwapCell host (vehicle heartbeat requesting discharge) and reading belt speed brakes and lanyard",E-bike parts supplier and electronics distributor,40.00,buy,Estimate: controller about $22 and logic board about $18; firmware is a labeled sketch only
13 Display level selector lanyard stop and key switch,1,Handlebar LCD for speed level and pack charge; three-position level selector; key switch in the INTERLOCK loop; magnetic lanyard stop switch with wrist or belt clip; each on its own bar clamp,E-bike parts supplier and electronics distributor,24.00,buy,Estimate
14 Guards,1,Heel guard 1.5 mm aluminium with a bottom flange on the rear cross member; two roller covers 1 mm aluminium on the rail inside faces; toe guard 2 mm aluminium leaning back 20 degrees on the nose beam; two 6 mm HDPE side boards 1.06 m x 70 mm on eight 13 mm spacers; bought 20 in rear fender 60 mm wide with two stays to the dropouts,Local sheet-metal or plastics supplier; bicycle shop,42.00,make,Estimate (SGN-DDR-003); about 0.4 m2 of sheet plus the fender
15 Wiring harness with fuse,1,"Waterproof keyed connectors, 20 A blade fuse in a sealed holder, sensor and motor cables run inside the left deck rail between two grommets, spiral wrap, cable ties",E-bike parts supplier,17.00,buy,Estimate
16 Hardware kickstand and consumables,1,"Side kickstand bolted to the welded plate on the left rail; bolts, nuts, washers, M6 rivet nuts, welding wire, paint, cable ties, grease",Hardware store and bicycle shop,42.00,buy,Estimate; no exploded-view callout for the hardware
